lamas.code,lamas.name
1192,Appeal-Bangev
1054,Tel Sheva
1059,silver
3797,Modi'in Illit
1303,a hole
1286,Segev-Shalom
1060,to Kia
3780,Beitar Illit
1161,trough
3660,Emmanuel
922,ridges
6100,Bnei Brak
541,Jessar al-Zarqa
510,Manda village
511,Ilot
2610,Beit Shemesh
1309,Elad
2710,Umm al-Fahm
998,Bir al-Maksor
8000,Zefat
520,Mashad
532,Ein Mahal
1137,Kiryat Yarim
1327,Ma'ale Iron
46,Yavnal
522,floated
538,Shaev
3000,Jerusalem
509,Kana village
1326,flavor
482,Buaina-Nojidat
975,starling
483,answered
4203,Restaurant
4001,Buqaata
542,Reina
4501,Ajar
627,Jaljulia
478,Aksal
962,Tuba-Zangria
978,Ka'abia-Tabash-Khajajara
3611,Kiryat Arba
499,amazing
944,Basmat Tivon
8900,Tamra
1292,Jedidah-Maker
531,Araba
4502,Ein Kaniya
537,Pouridis
498,Turan
504,as a ball
481,Magar
4201,Majdal Shams
638,Kalanswa
99,Mitzpe Ramon
913,Shabli - Umm Al-Ganam
516,Majd al-Krum
473,Abu Sanan
2730,Taiba
8800,Shafram
1296,Kasra-Samiya
502,Yercha
472,Abu Gosh
529,Ablein
246,routes
2560,Arad
637,appealed
31,horizons
634,Kafr Qasim
7300,Nazareth
6000,Baqqa al-Gharbiyya
3574,Bethel
7500,Sakhenin
492,Tenant Hana
1034,Kiryat Malachi
490,Deir al-Assad
6700,Tiberias
7000,Lod
525,Sajor
633,Kfar Bara
3608,Maale Ephraim
489,apiary
831,Yeruham
517,from her seed
2034,Hazor HaGalilit
1290,Singer
505,Ka'uqb Abu al-Hijah
2630,Qiryat Gat
480,garden House
7600,Acre
1295,Yanoh-Jeth
2720,castle
496,Khorfish
8500,Ramla
874,Migdal Haemek
2200,Dimona
534,Asafia
9200,Beit Shean
494,Dali'at el Carmel
7700,Afula
654,Kfar Kara
485,Jules
3730,Ze'ev hill
70,Ashdod
1061,The view of the Galilee
4100,Katzrin
9600,Kiryat Yam
6200,Bat Yam
1031,Sderot
543,Rama
2800,Kiryat Shmona
507,Kfar Yasif
536,Paki'in (Bukiyeh)
7100,Ashkelon
628,Jet
530,Aylabon
1063,Tarshiha
1020,Or Akiva
3557,Ancients
9000,Beer Sheva
1247,earing
2100,Tirat Carmel
1066,sons of Aish
2400,Or Yehuda
469,Kiryat Ekron
7400,Netanya
65,tower
1139,Carmiel
6800,Kiryat Ata
812,my peace
3640,Horns of Samaria
2600,Eilat
6500,Hadera
3570,Ariel
9100,Nahariya
535,Misleading
508,Kfar Kama
3616,Ma'ale Adumim
9500,Kiryat Bialik
41,I will
4000,Haifa
6600,Holon
8200,Kiryat Motzkin
487,Jash (block of milk)
2660,Yavne
3650,Efrat
565,Area
466,Beit Dagan
7900,Petah Tikva
26,Rosh Pina
2500,Nesher
8400,streets
7800,Pardes Hana
2550,a fence
8300,Rishon Lezion
166,Gan Yavne
240,Yokneam Illith
2640,Rosh HaAyin
168,Kfar Yona
2530,Be'er Ya'akov
518,Mailia
3652,Beit Arye-Ofarim
43,Matula
29,the foundation of the higher
9400,Yehud
3560,Elkana
8600,Ramat Gan
681,Givat Shmuel
9300,Zichron Yaakov
1015,Mevaseret Zion
5000,Tel Aviv Jaffa
3750,Alfie Menashe
6900,Kfar Saba
8700,fresh
2300,Kiryat Tivon
6400,Herzliya
195,"Come on, Zoran"
28,A souvenir of her house
9800,Binyamina-Givat Ada
3760,Ornit
122,Ramat Yishai
7200,Ness Ziona
47,Kfar Tavor
1200,Modi'in Maccabim-Reut
154,Tel Mond
229,Ganei Tikva
171,an orchard
1263,Village Roses
6300,Givatayim
182,Even Yehuda
1268,string
9700,Hod Hasharon
2620,Kiryat Ono
2650,Ramat Hasharon
1304,onyx
3769,Mount Adar
1224,Kochav Yair
666,Omar
1271,blades
267,Kfar Shmaryahu
587,groundsel
528,Uzair
539,Romana
997,Romet Heev
993,hammam
1346,Tarbin a-Tsana (locality)
1360,Sava
1358,Um Batin
1343,paintbrush
1359,Al Said
1367,blue
1349,Darijat
360,Givat Nili
679,Aviel
773,Amikam
1366,Neve
399,Barry
1363,Sons of Nazareth
413,onions
1085,Shalom vineyard
695,Protector
713,are bad
1364,Shlomit
1311,Absalom
69,Nir Oz
676,Eye of the Three
403,Orim
840,sweeps
402,Nir Yitzhak
352,Limits
1239,Dune
1241,palm tree
1051,Ptolemy Eliyahu
602,Nirim
1136,snoring
829,Insurers
1046,Fan
1231,garden fruit
1238,storm
1227,stake
1223,Abraham's demons
318,Amiauz
1237,Ptolemy Yosef
1232,crop
1240,Eye of the Gospel
916,salvation
1058,Field Nitzan
2006,sincerity
739,Uzziah Field
2011,Yanon
763,planted
817,Ezrikem
793,Givati
756,Beit Ezra
700,squill
727,Ptolemy Yehiel
772,allegiance
1149,helped
406,Hazor-Ashdod
690,Kfar Ahim
320,Warburg village
1157,brotherhood
155,Tobiah's well
2012,lights
827,Neve Mefet
819,Avigdor
593,beds
553,Nir Binim
234,Bitzron
163,Tamarinds
475,reject
512,Kfar Metzr
523,Nay
526,ladder
1265,Samaria
397,premises
2060,cypress
2061,gallop
396,sprouts
2062,boxwood
1198,vineyards
2023,blade
394,trail
395,The Negev Guard
849,Debra
1344,Givat Bar
598,Beit Kama
144,Gan Shlomo
562,Beit Elazari
147,Brener Hill
615,Kedron
685,construction
196,gibton
1072,the south garden
857,Kfar Aviv
555,that pretended
765,Meshgav Dov
764,Kfar Mordechai
731,Straight
591,ten
4006,Rainbow
4005,Hasfin
4017,Aloni Bashan
4014,sentinel
4007,Jonathan
4304,Nov
4019,manufacturer
4701,fulfillment level
4024,slingshot
4011,Solid stones
4015,Bnei Yehuda
4013,Ortel
4004,Kfar Harob
4002,Eli-ed
4003,Al-Rum
4026,Ness
4012,Anyam
4101,Marom Golan
4551,Navot Golan
4503,Ein Zivan
4301,channel
4204,A warm introduction
4022,bridge
4021,Givat Yoav
4702,levels
4025,In front of a deer
4028,wing
4009,on
4010,redness
4008,Retired
3653,Ma'ale Amos
3754,I will tell
3794,Bat Ayin
3561,Oz tower
3488,Kfar Etzion
3766,Tzur vineyards
3726,dots
3563,stuck
3604,Alon Shvut
3602,Tzorim head
3781,potter
3618,Eleazar
3725,Neve Daniel
3603,Mount Gila
856,Shallows
711,Azaria
759,will peek
839,its openings
757,successful
64,Yad Rambam
158,naan
370,Carrot
838,Payday
301,Beit Uziel
828,will take root
1333,Nof Ayalon
862,John's Gardens
435,Descendant of Sarni
1050,House of Hasmoneans
670,Mishmar Ayalon
2010,Kfar Ben Nun
610,secret
160,rat
1103,Hadar gardens
743,Kfar Shmuel
735,Ramot Meir
177,Bilo village
563,Mishmar David
1264,Carmi Yosef
156,springs
597,Palmach
853,Gaul
311,A whistling garden
159,Beit Hanan
582,Governor's village
1336,iris
202,working house
174,planted
1076,Beit Berl
184,the level of the conqueror
718,will expand
841,Elisema
686,Neve Yemin
808,Nir Eliyahu
705,Nachshonim
355,plowing
1148,Tzur Natan
716,Eyal
870,The Three Hill
717,belt
871,Einat
1345,Contact Isaac
230,action
2035,Edens
2015,I'm greedy
1315,giving
128,Gat Rimon
858,Neve Yerak
98,Kfar Malal
206,The return levels
207,Givat Han
249,Sirkin village
239,Gan Haim
183,Yarkona
218,Gardens with
722,fulfilling
284,Warburg Field
198,scout
1236,Nirit
547,Tamra (Jezreel)
95,Alpha house
497,Taiba (in the valley)
635,Mokaybela
524,Naora
86,a hill
89,Ein Harod (unification)
452,Jezreel
636,Sandal
113,mighty
145,heap
164,full
442,Gedona
1155,Magen Shaul
84,Tel Yosef
82,Ein Harod (United)
1110,Friend
1108,an artist
2052,Avital
2053,Parson
165,Nir is beautiful
2054,The best
90,I want her
242,The method house
141,Lightning
1274,Gan Ner
833,Lightbulb
269,homeland
339,Ramat Zvi
146,Bumblebee
1069,Ram-on
85,Kfar Yehezkel
667,in thunder
578,Sasa
76,Kfar Giladi
623,Yaraon
1213,tulip
347,a lamp
378,Mishgav with
596,a queen
35,Gadot
366,dill
852,protector
443,Kfar Hanasi
319,Amir
253,sick
385,Amiad
380,The flames of the Bashan
77,Ayelet Hashahar
357,Bloom village
408,Neot Mordechai
302,bay
308,from two
329,Sde Nehemiah
416,A blessed spring
345,Sold village
1211,potters
356,the bridgers
303,Dan
453,will open
1132,Schnir
1322,Indianness
585,Levi
371,spherical
307,the sowers
786,Olive village
1162,Beit Rimon
701,Arbel
365,Beit Keshet
721,Sde Ilan
49,Ilanya
1190,Mitzpe Netufa
292,Sharona
255,Wheat village
306,that the figure of a bee
388,Kfar Kish
1293,Givat Avni
58,expecting
1258,foundation
1176,sapphire
1262,cliffs
806,Ein Yahav
13,measles
1175,Idan
1150,horn
1151,Paran
3723,face friend
3657,residence
3719,rut
3748,Atniel
3724,disgusted
3756,a horse
3764,Hagai
3656,Carmel
3759,Adora
3745,Masadat Yehuda
3784,heard
3743,basket
3777,Sensena
3722,Clusters
990,Ras Ali
652,Abtin
1321,Khalid
890,The religious youth village
178,Ramat Yohanan
882,pine trees
96,Yegor
237,The Gate of the Valleys
889,Kfar Hassidim B
278,bruit
254,Maccabi village
112,Kfar Hassidim A
220,Bialik village
1284,scenic
1197,Neat Samdar
1156,Samar
866,her benefit
1052,incense
1248,Eliphaz
1126,Eilot
1255,Lutan
1129,group
1266,dawn
1158,Yahal
21,Beer Ora
334,Yavneh Group
1094,Kerem Yavne (sitting)
848,Beit Raban
760,Ben is eligible
720,Nir Galim
592,Beni Darom
571,Beit Gamliel
1141,Introduction informants
1084,Ben Shemen (youth village)
2038,emerald
450,Isaac's wells
804,I will call you
449,streams
257,garnet
604,Beit Arif
618,Hadid
802,Givat 28
663,Yehuda Castle
745,Gomzo
616,Rintia
784,Beit Nehemiah
863,gardener
673,Kfar Truman
1166,Ruth village
1310,torch
1165,Shilot
2013,Ben Shemen (seat)
606,Balm
707,Kfar Daniel
448,Bnei Atarot
107,Kfar Silver
746,her knees
820,extract
351,Nitzan
1419,Nitzan B
747,Sycamore House
791,prop
726,Acknowledgment
1376,Garden well
359,buds
1323,Bat Hadar
342,Gebraam
573,scoring
358,Yad Mordechai
584,Zikim
768,Karmeya
744,Ptolemy is beautiful
699,Nir Israel
824,Michael star
1242,Enrichment path
706,Gaia
212,Beit Zvi
694,Ma'agan Michael
1320,sharp eye
102,Meir Shafia
427,Kfar Galim
769,Nir Etzion
327,Sea fields
612,pure
312,Neve Yam
74,Ein Hod
317,Beit Oren
810,Ofer
53,Atlit
33,Shlomo's daughter
290,Ma'an Zvi
433,surges
434,the rowers
738,generation
426,Ein Carmel
689,Magad
683,Carmel Hill
580,A vineyard from the Harel
687,Ain Ayala
800,House of Hanania
675,the builders
1167,Caesarea
287,Tel Yitzhak
232,sane
842,volcano
417,universe
1024,diligent
346,Rolls
288,Beit Yehoshua
446,Thank you
247,Rashpon
418,Bnei Zion
316,Neter village
389,in trouble
1324,Arsuf
1339,Al-Azi
2045,inheritance
393,Galeon
340,Gat (kibbutz)
1133,Verdon
619,Beit Guvrin
16,Beit Nir
564,strata
315,charged
2046,virtue
274,Kfar Menachem
293,Sde Yoav
888,The Rif village
767,Porat
170,Kfar Yabetz
837,Asriel
2002,yields
379,redeemed
661,Shaar Ephraim
753,Yanov
851,Oz buds
880,Ein Sharid
447,Nordic
1044,volley
276,Tzur Moshe
549,Ganot Hadar
386,Benny Dror
157,Rose eye
425,shift
187,Kfar Hess
162,freedom
32,power
814,furrows
23,Emtia
44,Glamor
1368,Palm trees
821,their percentage
36,Field of David
55,Venus
2030,rest
1374,Picking vineyards
1369,planted
309,Norah
7,Dawn
18,Field of Moses
11,Nir Khan
1365,Eliav
775,Yad Natan
1233,Slide
24,Lachish
730,Eliphalet
2063,elk
2009,jubilee
843,spies
732,Jordan Escort
322,Beit Hillel
324,rest of the settlement
1253,tilapia
861,Eliezer Field
372,Ramot Naftali
1252,Kuriz
1285,crocus
1210,antimony
130,guard of the valley
369,Gilad (Even Yitzchak)
270,the judge's eye
682,Elikim
703,Givat Oz
250,the sower
300,Dahlia
2029,Oz way
335,Judge level
367,Eye of the valley
445,Ramot Menashe
586,Megiddo
241,Yakneam (colony)
3786,stone
3645,The willow house
3556,coral
3639,Rose of Jericho
3610,A complete expectation
3601,toasting
1246,Aramsha
658,Sheikh Danon
376,Evron
289,Eye of the Bay
1183,completely
785,Ahihud
708,deep
297,Mesrik village
1256,visa
572,The valley house
589,Swamp
313,Afek
576,already
280,parking
595,The fighters of the ghettos
559,Bustan Hagalil
674,Liman
792,the convoy route
409,Yahyam
432,you kept
574,The Ziv Bridge
1068,Adamite
294,Eylon
579,Rosh Hankara village
325,position
575,storm
390,rugby
1143,A miracle of nations
463,Gaton
454,storm
712,Ben-Ami
282,Shavei Tzion
3779,Kochav Yaakov
3648,Matityahu
3767,Nahaliel
3752,Frankincense
3823,Gani Modi'in
3576,Mitzpe Jericho
3641,Sheila
3658,crown
3763,Geva Binyamin
3765,pestle
3564,dawn star
3824,Amichai
3709,Mevo Horon
3788,Telmon
3573,Neve Tsov
3651,More than four
3659,peaks
3617,ore
3565,pomegranates
3747,plane
3575,Beit Horon
3787,superior
3770,Hasmoneans
3638,Kfar Adumim
3715,Almon
3655,NIL
3644,New Gibeon
3796,The pine village
1325,Zoharim village
2039,Kiryat Yaarim (institution)
521,Ein Nakoba
1056,Ein Kerem - agricultural school
514,Ein Rapha
127,Ramat Rachel
10,Distilled
465,Tsova
751,Beit Meir
805,Ishai
816,neglected
794,crane
27,Fields of Micah
1134,Hand of eight
809,Nehem
1071,Neve Michael
776,from her cover
1123,cloak
39,vine
52,Luzit
740,I will ask
823,Bar Gyora
859,as a living room
799,Zechariah
796,cell phone
778,donate
864,in the corner
59,copper
567,wasp
783,Sapphire stone
752,dare
780,light
693,The path of the Lord
1079,hornbills
822,plantation
825,A mountain miracle
1070,Aviazer
787,Givat Yarim
779,Aminadav
777,Nachshon
78,Grape picking
771,More introduction
464,Harel
742,Zion Railway
919,Givat Isaiah
672,A cash register house
1113,Tzur Hadassah
1114,Shrigs (Lee-on)
364,Kfar Uria
462,Tal Shahar
1254,myrrh
741,vacuum cleaner
460,Ramat Raziel
1043,Gizo
286,High five
710,Olive House
1259,Neve Shalom
456,root
208,elite origin
405,Neve Ilan
868,Aloni Yitzhak
189,Kfar Pines
72,Gan Shmuel
1316,Al-Arian
649,excruciating
2024,Umm al-Kutuf
139,Ein Shemer
1370,Mitzpe Ilan
648,strait
444,Regevs
617,Barkai
344,sulcus
1243,harvesting
2055,Maor
2008,Yitzhak Field
310,Glikson village
375,sickle
223,Ein Iron
2003,Ptolemy Elazar
1128,Who is my people?
225,Garden of Samaria
213,shifts
715,Lovely flames
281,New bankruptcy
1045,planted
795,honeysuckle
892,Abdon
662,sturdiness
1184,gift
1220,knights
1147,planted
1219,The threshing floors of the Galilee
813,Ein Yaakov
1130,Kfar Rosenwald (seed)
1081,Even Menachem
603,Alkosh
755,Goren
1173,torches
614,keeper
774,Zuriel
1205,Dishes
570,tortured
1206,Goethe
1314,Neve Ziv
1208,Hila
1338,like her
607,Miron
1294,Tales of the Hasidim
546,Ain al-Assad
1191,Bar Yochai
688,What
605,Kfar Shamai
368,in a shooting
1214,taphot
431,Kite
846,improve
609,Kfar Hoshan
1064,Emirs
1047,vision
1115,springs
540,Rihaniya
1067,Dubb
527,interwoven
1229,anemone
1230,whites
1297,Kfar Hanania
664,Kerem Ben Zimra
599,separated
1212,deep
709,you will flower
1377,Shave South
2021,Ashel the president
2050,Ptolemy BILO
750,redeemed
749,hammer
2059,times 5777
762,trustfulness
2049,Deer field
789,Renan
71,spadix
2048,Nir Akiva
748,Route
736,you discovered
1080,Terrified
414,cobs
2047,Nir Moshe
1335,A pleasant evening
1317,imagined
1332,Hosnia
1245,Selma
1334,Ras al-Ain
1331,Kamana
1276,Ashval
1203,mountainous
1171,Lotem
1178,legacy
1112,Yodafat
1188,buckthorn
1201,cumin
1172,Seasoned
1209,deaf
1275,Battalion
1185,spindle
1272,pioneer
1163,moran
1180,Deer
1235,roots
1202,from money
1228,cyclamen
1207,Frankincense
1160,her neighbor
1174,crane
1222,Mitzpe Aviv
1221,formal
1181,Tel-Al
1226,tributaries
1204,a sheet
917,Atzmon Segev
1179,thyme
1138,target
1348,Beer HaDaj
1375,Abu Talul
1347,short a-ser
1342,Abu Qurinat (locality)
440,basics
2033,House of parts
577,Yad Binyamin
363,Chafetz Chaim
1372,Hazani's scion
588,Bani Ram
1371,Tal gardens
264,Golan Gate
57,Sea of ​​Galilee (group)
273,Ein Gev
702,Haun
374,Enacted
1105,Furia - Neve Oved
176,avenues
62,Degania A.
262,Ginosar
143,A seed house
263,Masada
79,Degania B
1104,Poriya - a working village
188,Ashdot Ya'akov (consolidated)
1313,High fertility
719,harvest mound
199,Ashdot Ya'akov (Ihud)
330,beams
678,anchorage
1125,Almagor
63,Kinneret (colony)
304,Sde Eliyahu
268,Tirat Zvi
2016,saturation
1282,most
383,Eye of the commissioner
854,Street
1127,Ma'ale Gilboa
296,Neve Eitan
265,Beit Yosef
2026,Jordana
48,Menachemia
298,tracks
295,Kfar Rupin
2057,Demons of donations
439,extensions
1283,Twin mounds
256,Nir David (Tel Amal)
305,bridge
590,Neve Or
259,Sde Nahum
437,Resheph
343,Hamdia
272,bastion of life
1318,Sea inlets
186,youth
897,Rupin Midrash
197,transitions
224,lily of the valley
217,Kfar HaRa
872,Gawli Yemen
422,sword to shovel
173,Givat Haim (United)
194,The Sharon Guard
204,Elyashiv
850,Ahitov
167,The eye of the forest
2018,Givat Haim (Union)
235,Lily of the Sharon
698,Borgata
423,the anchor
1319,Bat Hefer
758,Yad Hana
377,the qualifier
252,Beitan Aharon
680,courage
737,chicory
205,partridge
387,Kfar Munesh
382,trawl
734,Gan Yashia
233,Kfar Yedidia
807,Haniel
219,Lovers of Zion
2043,test
193,Kfar Haim
373,Beit Halevi
1102,sea ​​cliffs
697,in Arothim
175,Avihil
326,Beit Yitzchak-Shaar Hafer
115,beach
190,Kfar Vitkin
877,Liberty House
191,Hadar with
1361,Bat Chen
200,Beit Yanai
1077,Givat Shapira
942,Suaed (Hamaria)
994,Menshit Zvada
106,Kfar Gideon
104,from a seed
66,Mehravia (kibbutz)
142,Sde Jacob
457,Gazit
1249,oleander
407,you spoke
285,oaks
436,Ein Dor
132,Kfar Baruch
134,Ifat
135,Ramat David
92,Ginger
126,remnant
1330,Barak estate
103,A mound of lentils
80,praised
140,Joshua Village
1257,a charmer
1186,suspension
133,You frowned
248,Beit Shaarim
192,The forest village
94,Belfuria
613,birds
684,the scribe
97,Mehravia (seat)
677,the batteries
430,Bethlehem of Galilee
1337,umbrella
1182,Alon HaGilil
429,Aloni father
1199,jewel
1244,you changed
1288,Givat Ela
696,Kfar Habad
797,Ahiezer
798,Yagel
788,an olive
801,Hamad
594,ornithology
729,The Seventh Guard
331,Nir Tzvi
836,disgrace
3785,durations
3607,12th
3782,Rotem
3609,hardware
3606,pulley
3646,greedy
3578,that a figure is sick
3613,Gitti
3599,sick
3566,beautiful
3619,Roy
3598,crimson
3614,an addict
3612,hiccups
3713,NAMA
3605,beacon
3555,The battalion route
3615,Fetzel
3558,Tomer
1195,Nitsana (community of education)
354,many
1340,space with
885,Sde Boker
421,field resources
1278,Beer Milka
1260,harnesses
1152,I'm delusional
1140,Midrash Ben Gurion
1291,truffle
1177,snowdrifts
1280,Chinese buds
803,Yoshibia
1146,youth
2064,her arm
1083,resourcefulness
419,welfare
761,captive
2044,from nights
723,Capricorn House
415,Shukda
865,oats
398,chain
2014,stems
1065,female singer
1082,circles
1095,Kfar Maimon
665,rebirth
3749,Yitzhar
3710,blessing
3762,Itamar
3572,Apple village
3579,Alon Mora
3571,Shavi Samaria
3569,Dotan's introduction
3793,Gems
3643,graceful
3717,scythe
3712,grape
3795,myriad
3744,Bruchin
3637,Ma'ale Samaria
3790,landscapes
3746,Kiryat Natafim
3822,Rachel
3751,towers
3647,darling
3768,Pedual
3778,Ephraim tree
3727,Gold leaves
3649,Almond
3568,basil
3791,scouts
3720,Gates of hope
3654,Bracken
3567,rocky
338,enemies
811,will prepare you
844,Nahal Oz
362,Ruhama
348,Nir with
714,cedar
424,backs
668,levels
67,candle light
336,generations
845,Gaza village
428,Obviously a force
766,independence
1145,beam
37,Strong
15,pleasantness
818,Zarahiya
815,Zebediel
620,Isaac beacons
826,Uza
873,peace
2051,Welfare
622,Ein Tzorim
1098,Shapira Center
400,Ibn Shmuel
692,benign
2042,Ein Gedi
1261,Mount Amsha
1124,Adequate square
1251,Ein Tamar
